       7,       2,       1,       1,       1
      15,       3,       2,       1,       1
      23,       3,       3,       2,       1
      28,       3,       3,       3,       1
      31,       3,       3,       3,       2
      39,       5,       3,       2,       1
      47,       5,       3,       3,       2
      55,       5,       5,       2,       1
      60,       5,       5,       3,       1
      63,       5,       5,       3,       2
      71,       6,       5,       3,       1
      79,       5,       5,       5,       2
      87,       6,       5,       5,       1
      92,       6,       6,       4,       2
      95,       6,       5,       5,       3
     103,       7,       5,       5,       2
     111,       6,       5,       5,       5
     112,       6,       6,       6,       2
     119,       7,       6,       5,       3
     124,       6,       6,       6,       4
     127,       7,       7,       5,       2
     135,       7,       6,       5,       5
     143,       7,       7,       6,       3
     151,       7,       7,       7,       2
     156,       7,       7,       7,       3
     159,       7,       7,       6,       5
     167,       9,       6,       5,       5
     175,       9,       7,       6,       3
     183,       7,       7,       7,       6
     188,       9,       7,       7,       3
     191,       9,       7,       6,       5
     199,       9,       9,       6,       1
     207,       9,       9,       6,       3
     215,       9,       7,       7,       6
     220,       9,       9,       7,       3
     223,       9,       9,       6,       5
     231,      10,       9,       5,       5
     239,      10,       9,       7,       3
     240,      10,      10,       6,       2
     247,       9,       9,       7,       6
     252,       9,       9,       9,       3
     255,      10,       9,       7,       5
     263,      10,       9,       9,       1
     271,      10,       9,       9,       3
     279,       9,       9,       9,       6
     284,      11,       9,       9,       1
     287,      10,       9,       9,       5
     295,      11,      10,       7,       5
     303,      11,      10,       9,       1
     311,      10,       9,       9,       7
     316,      10,      10,      10,       4
     319,      11,       9,       9,       6
     327,      11,      10,       9,       5
     335,      13,       9,       7,       6
     343,      10,       9,       9,       9
     348,      11,      11,       9,       5
     351,      11,      10,       9,       7
     359,      11,      11,       9,       6
     367,      11,      11,      10,       5
     368,      12,      12,       8,       4
     375,      13,      10,       9,       5
     380,      12,      10,      10,       6
     383,      11,      10,       9,       9
     391,      11,      11,      10,       7
     399,      11,      11,      11,       6
     407,      13,      11,       9,       6
     412,      11,      11,      11,       7
     415,      13,      11,      10,       5
     423,      11,      11,      10,       9
     431,      13,      10,       9,       9
     439,      13,      11,      10,       7
     444,      11,      11,      11,       9
     447,      13,      11,      11,       6
     448,      12,      12,      12,       4
     455,      13,      13,       9,       6
     463,      11,      11,      11,      10
     471,      13,      11,      10,       9
     476,      14,      12,      10,       6
     479,      14,      11,       9,       9
     487,      13,      13,      10,       7
     495,      13,      13,      11,       6
     496,      12,      12,      12,       8
     503,      15,      11,      11,       6
     508,      13,      13,      11,       7
     511,      13,      11,      11,      10
     519,      13,      13,      10,       9
     527,      14,      13,       9,       9
     535,      14,      13,      11,       7
     540,      13,      13,      11,       9
     543,      13,      13,      13,       6
     551,      15,      13,      11,       6
     559,      13,      13,      11,      10
     567,      14,      13,      11,       9
     572,      14,      14,      12,       6
     575,      15,      13,      10,       9
     583,      14,      13,      13,       7
     591,      15,      14,      11,       7
     599,      15,      13,      13,       6
     604,      14,      14,      14,       4
     607,      13,      13,      13,      10
     615,      14,      13,      13,       9
     623,      15,      14,      11,       9
     624,      14,      14,      14,       6
     631,      15,      15,      10,       9
     636,      14,      14,      12,      10
     639,      15,      14,      13,       7
     647,      15,      15,      14,       1
     655,      14,      13,      13,      11
     663,      15,      13,      13,      10
     668,      15,      15,      13,       7
     671,      15,      14,      13,       9
     679,      15,      15,      15,       2
     687,      17,      14,      11,       9
     695,      15,      15,      14,       7
     700,      15,      15,      13,       9
     703,      14,      13,      13,      13
     711,      15,      14,      13,      11
     719,      15,      15,      13,      10
     727,      15,      15,      14,       9
     732,      14,      14,      14,      12
     735,      17,      14,      13,       9
     743,      17,      15,      15,       2
     751,      17,      17,      13,       2
     752,      18,      14,      14,       6
     759,      15,      14,      13,      13
     764,      17,      15,      13,       9
     767,      15,      15,      14,      11
     775,      15,      15,      15,      10
     783,      17,      15,      13,      10
     791,      17,      15,      14,       9
     796,      15,      15,      15,      11
     799,      17,      17,      11,      10
     807,      17,      17,      15,       2
     815,      15,      15,      14,      13
     823,      17,      14,      13,      13
     828,      17,      17,      13,       9
     831,      17,      15,      14,      11
     839,      17,      15,      15,      10
     847,      17,      17,      13,      10
     855,      17,      17,      14,       9
     860,      17,      15,      15,      11
     863,      18,      17,      13,       9
     871,      15,      15,      15,      14
     879,      17,      15,      14,      13
     880,      18,      18,      14,       6
     887,      18,      15,      13,      13
     892,      17,      17,      17,       5
     895,      17,      17,      14,      11
     903,      17,      17,      15,      10
     911,      18,      17,      17,       3
     919,      18,      17,      15,       9
     924,      17,      17,      15,      11
     927,      18,      17,      17,       5
     935,      17,      15,      15,      14
     943,      17,      17,      14,      13
     951,      18,      17,      13,      13
     956,      19,      17,      15,       9
     959,      18,      17,      15,      11
     960,      20,      20,      12,       4
     967,      17,      17,      17,      10
     975,      19,      17,      15,      10
     983,      18,      17,      17,       9
     988,      17,      17,      17,      11
     991,      19,      18,      15,       9
     999,      17,      17,      15,      14
    1007,      18,      17,      15,      13
    1008,      18,      18,      18,       6
    1015,      19,      17,      14,      13
    1020,      19,      17,      17,       9
    1023,      18,      17,      17,      11
    1031,      19,      18,      15,      11
    1039,      19,      17,      17,      10
    1047,      19,      19,      15,      10
    1052,      20,      18,      18,       2
    1055,      19,      18,      17,       9
    1063,      17,      17,      17,      14
    1071,      18,      17,      17,      13
    1079,      19,      18,      15,      13
    1084,      19,      19,      19,       1
    1087,      19,      19,      14,      13
    1095,      19,      18,      17,      11
    1103,      21,      18,      13,      13
    1111,      19,      19,      17,      10
    1116,      18,      18,      18,      12
    1119,      19,      19,      19,       6
    1127,      18,      17,      17,      15
    1135,      19,      17,      17,      14
    1136,      22,      18,      18,       2
    1143,      19,      18,      17,      13
    1148,      20,      18,      18,      10
    1151,      21,      17,      15,      14
    1159,      21,      18,      15,      13
    1167,      19,      19,      18,      11
    1175,      21,      18,      17,      11
    1180,      19,      19,      17,      13
    1183,      19,      19,      19,      10
    1191,      18,      17,      17,      17
    1199,      19,      18,      17,      15
    1207,      19,      19,      17,      14
    1212,      21,      19,      17,      11
    1215,      19,      19,      18,      13
    1223,      21,      18,      17,      13
    1231,      21,      21,      18,       5
    1239,      22,      19,      15,      13
    1244,      20,      18,      18,      14
    1247,      21,      19,      18,      11
    1255,      21,      21,      18,       7
    1263,      19,      18,      17,      17
    1264,      20,      20,      20,       8
    1271,      19,      19,      18,      15
    1276,      21,      21,      15,      13
    1279,      19,      19,      19,      14
    1287,      21,      19,      17,      14
    1295,      21,      19,      18,      13
    1303,      21,      21,      15,      14
    1308,      19,      19,      19,      15
    1311,      22,      21,      19,       5
    1319,      22,      21,      15,      13
    1327,      21,      21,      18,      11
    1335,      19,      19,      18,      17
    1340,      21,      21,      17,      13
    1343,      21,      18,      17,      17
    1351,      21,      19,      18,      15
    1359,      21,      19,      19,      14
    1367,      21,      21,      17,      14
    1372,      19,      19,      19,      17
    1375,      21,      21,      18,      13
    1383,      22,      21,      17,      13
    1391,      22,      21,      21,       5
    1392,      22,      22,      18,      10
    1399,      23,      22,      19,       5
    1404,      21,      21,      21,       9
    1407,      19,      19,      19,      18
    1415,      21,      19,      18,      17
    1423,      21,      21,      21,      10
    1431,      21,      21,      18,      15
    1436,      22,      22,      18,      12
    1439,      21,      21,      19,      14
    1447,      22,      21,      21,       9
    1455,      22,      21,      19,      13
    1463,      23,      21,      18,      13
    1468,      21,      21,      19,      15
    1471,      23,      22,      17,      13
    1472,      24,      24,      16,       8
    1479,      23,      22,      21,       5
    1487,      21,      19,      19,      18
    1495,      21,      21,      18,      17
    1500,      23,      21,      19,      13
    1503,      22,      21,      17,      17
    1511,      22,      21,      19,      15
    1519,      21,      21,      21,      14
    1520,      24,      20,      20,      12
    1527,      23,      21,      19,      14
    1532,      21,      21,      19,      17
    1535,      22,      21,      21,      13
    1543,      23,      22,      19,      13
    1551,      23,      23,      18,      13
    1559,      25,      21,      18,      13
    1564,      22,      22,      20,      14
    1567,      21,      21,      19,      18
    1575,      22,      21,      19,      17
    1583,      23,      21,      18,      17
    1591,      22,      21,      21,      15
    1596,      22,      22,      22,      12
    1599,      23,      22,      19,      15
    1607,      23,      21,      21,      14
    1615,      23,      23,      19,      14
    1623,      23,      22,      21,      13
    1628,      25,      21,      21,      11
    1631,      25,      22,      21,       9
    1639,      25,      22,      19,      13
    1647,      21,      21,      21,      18
    1648,      22,      22,      22,      14
    1655,      22,      21,      21,      17
    1660,      25,      25,      17,      11
    1663,      23,      22,      19,      17
    1671,      23,      23,      18,      17
    1679,      23,      22,      21,      15
    1687,      23,      23,      23,      10
    1692,      22,      22,      20,      18
    1695,      23,      23,      21,      14
    1703,      25,      21,      21,      14
    1711,      23,      23,      22,      13
    1719,      25,      22,      21,      13
    1724,      23,      23,      21,      15
    1727,      22,      21,      21,      19
    1735,      23,      21,      21,      18
    1743,      23,      22,      21,      17
    1751,      25,      21,      19,      18
    1756,      23,      23,      23,      13
    1759,      25,      22,      19,      17
    1767,      23,      23,      22,      15
    1775,      25,      22,      21,      15
    1776,      22,      22,      22,      18
    1783,      23,      23,      23,      14
    1788,      23,      23,      21,      17
    1791,      25,      23,      21,      14
    1792,      24,      24,      24,       8
    1799,      25,      25,      18,      15
    1807,      22,      21,      21,      21
    1815,      23,      22,      21,      19
    1820,      25,      23,      21,      15
    1823,      23,      23,      21,      18
    1831,      23,      23,      22,      17
    1839,      25,      22,      21,      17
    1847,      26,      21,      21,      17
    1852,      22,      22,      22,      20
    1855,      25,      25,      22,      11
    1863,      25,      23,      22,      15
    1871,      26,      23,      21,      15
    1879,      25,      23,      23,      14
    1884,      25,      23,      21,      17
    1887,      25,      25,      21,      14
    1895,      23,      22,      21,      21
    1903,      23,      23,      22,      19
    1904,      28,      24,      20,      12
    1911,      23,      23,      23,      18
    1916,      25,      25,      21,      15
    1919,      25,      23,      21,      18
    1927,      25,      23,      22,      17
    1935,      25,      25,      19,      18
    1943,      27,      22,      21,      17
    1948,      23,      23,      23,      19
    1951,      26,      25,      19,      17
    1959,      25,      25,      22,      15
    1967,      26,      25,      21,      15
    1975,      25,      25,      23,      14
    1980,      25,      25,      21,      17
    1983,      23,      23,      22,      21
    1984,      24,      24,      24,      16
    1991,      25,      22,      21,      21
    1999,      25,      23,      22,      19
    2007,      25,      23,      23,      18
    2012,      27,      23,      23,      15
    2015,      25,      25,      21,      18
    2023,      25,      25,      22,      17
    2031,      26,      25,      21,      17
    2032,      26,      26,      22,      14
    2039,      27,      25,      19,      18
    2044,      25,      23,      23,      19
    2047,      26,      25,      25,      11
    2055,      26,      25,      23,      15
    2063,      27,      25,      22,      15
    2071,      23,      23,      23,      22
    2076,      26,      26,      20,      18
    2079,      25,      23,      22,      21
    2087,      26,      23,      21,      21
    2095,      25,      25,      22,      19
    2103,      25,      25,      23,      18
    2108,      27,      25,      23,      15
    2111,      27,      23,      23,      18
    2119,      26,      25,      23,      17
    2127,      27,      25,      22,      17
    2135,      27,      26,      21,      17
    2140,      25,      25,      23,      19
    2143,      27,      27,      19,      18
    2151,      26,      25,      25,      15
    2159,      27,      26,      23,      15
    2160,      26,      26,      22,      18
    2167,      25,      23,      23,      22
    2172,      26,      26,      26,      12
    2175,      25,      25,      22,      21
    2183,      26,      25,      21,      21
    2191,      26,      25,      23,      19
    2199,      25,      25,      25,      18
    2204,      27,      25,      25,      15
    2207,      27,      25,      23,      18
    2215,      26,      25,      25,      17
    2223,      27,      26,      23,      17
    2231,      27,      27,      22,      17
    2236,      25,      25,      25,      19
    2239,      29,      25,      22,      17
    2247,      29,      26,      21,      17
    2255,      27,      26,      25,      15
    2263,      25,      25,      23,      22
    2268,      27,      25,      25,      17
    2271,      26,      25,      23,      21
    2279,      27,      25,      22,      21
    2287,      26,      25,      25,      19
    2288,      28,      28,      24,      12
    2295,      27,      26,      23,      19
    2300,      29,      27,      21,      17
    2303,      27,      25,      25,      18
    2311,      27,      27,      23,      18
    2319,      27,      26,      25,      17
    2327,      29,      27,      26,       9
    2332,      28,      26,      26,      14
    2335,      29,      26,      23,      17
    2343,      29,      27,      22,      17
    2351,      30,      27,      19,      19
    2359,      25,      25,      25,      22
    2364,      29,      27,      25,      13
    2367,      26,      25,      25,      21
    2375,      27,      26,      23,      21
    2383,      27,      27,      22,      21
    2391,      27,      26,      25,      19
    2396,      30,      26,      26,      12
    2399,      29,      26,      21,      21
    2407,      27,      27,      25,      18
    2415,      29,      25,      25,      18
    2416,      28,      28,      28,       8
    2423,      27,      27,      26,      17
    2428,      26,      26,      26,      20
    2431,      29,      26,      25,      17
    2439,      29,      29,      26,       9
    2447,      29,      29,      21,      18
    2455,      26,      25,      25,      23
    2460,      28,      26,      26,      18
    2463,      27,      25,      25,      22
    2471,      27,      26,      25,      21
    2479,      29,      25,      23,      22
    2487,      29,      26,      23,      21
    2492,      29,      29,      27,       9
    2495,      27,      27,      26,      19
    2496,      28,      28,      28,      12
    2503,      29,      26,      25,      19
    2511,      27,      27,      27,      18
    2519,      29,      27,      25,      18
    2524,      27,      27,      25,      21
    2527,      29,      29,      22,      19
    2535,      29,      27,      26,      17
    2543,      30,      27,      25,      17
    2544,      28,      28,      24,      20
    2551,      26,      25,      25,      25
    2556,      29,      27,      25,      19
    2559,      27,      26,      25,      23
    2567,      27,      27,      25,      22
    2575,      27,      27,      26,      21
    2583,      29,      26,      25,      21
    2588,      29,      27,      27,      17
    2591,      30,      25,      25,      21
    2599,      30,      27,      23,      21
    2607,      29,      27,      26,      19
    2615,      30,      27,      25,      19
    2620,      28,      26,      26,      22
    2623,      29,      27,      27,      18
    2631,      29,      29,      25,      18
    2639,      30,      29,      27,      13
    2647,      29,      29,      26,      17
    2652,      29,      29,      23,      21
    2655,      27,      26,      25,      25
    2663,      27,      27,      26,      23
    2671,      27,      27,      27,      22
    2672,      30,      30,      26,      14
    2679,      29,      27,      25,      22
    2684,      30,      28,      26,      18
    2687,      29,      27,      26,      21
    2695,      29,      29,      23,      22
    2703,      30,      29,      29,      11
    2711,      30,      29,      23,      21
    2716,      27,      27,      27,      23
    2719,      29,      29,      26,      19
    2727,      30,      29,      25,      19
    2735,      29,      29,      27,      18
    2743,      31,      27,      27,      18
    2748,      29,      29,      25,      21
    2751,      30,      29,      29,      13
    2759,      27,      27,      26,      25
    2767,      29,      26,      25,      25
    2775,      29,      27,      26,      23
    2780,      30,      30,      28,      14
    2783,      29,      27,      27,      22
    2791,      29,      29,      25,      22
    2799,      29,      29,      26,      21
    2800,      30,      30,      26,      18
    2807,      30,      29,      25,      21
    2812,      27,      27,      27,      25
    2815,      31,      29,      23,      22
    2823,      31,      30,      29,      11
    2831,      30,      29,      27,      19
    2839,      31,      29,      26,      19
    2844,      30,      28,      26,      22
    2847,      29,      29,      29,      18
    2855,      31,      29,      27,      18
    2863,      27,      27,      27,      26
    2871,      29,      27,      26,      25
    2876,      30,      30,      26,      20
    2879,      30,      27,      25,      25
    2887,      29,      29,      26,      23
    2895,      29,      29,      27,      22
    2903,      31,      27,      27,      22
    2908,      30,      30,      28,      18
    2911,      30,      29,      27,      21
    2919,      31,      29,      26,      21
    2927,      31,      30,      25,      21
    2928,      28,      28,      28,      24
    2935,      31,      31,      23,      22
    2940,      29,      29,      27,      23
    2943,      30,      29,      29,      19
    2951,      31,      30,      27,      19
    2959,      31,      31,      26,      19
    2967,      31,      29,      29,      18
    2972,      31,      29,      27,      21
    2975,      29,      27,      27,      26
    2983,      29,      29,      26,      25
    2991,      30,      29,      25,      25
    2999,      30,      29,      27,      23
    3004,      31,      29,      29,      19
    3007,      29,      29,      29,      22
    3008,      36,      28,      28,      12
    3015,      31,      29,      27,      22
    3023,      30,      29,      29,      21
    3031,      31,      30,      27,      21
    3036,      29,      29,      27,      25
    3039,      31,      31,      26,      21
    3047,      31,      31,      30,      15
    3055,      33,      30,      25,      21
    3056,      34,      30,      26,      18
    3063,      31,      30,      29,      19
    3068,      30,      30,      28,      22
    3071,      33,      31,      30,      11
    3079,      31,      31,      31,      14
    3087,      29,      29,      27,      26
    3095,      30,      29,      27,      25
    3100,      30,      30,      30,      20
    3103,      31,      29,      26,      25
    3111,      30,      29,      29,      23
    3119,      31,      30,      27,      23
    3127,      31,      29,      29,      22
    3132,      33,      29,      29,      19
    3135,      31,      31,      27,      22
    3143,      31,      30,      29,      21
    3151,      34,      29,      25,      23
    3159,      33,      30,      27,      21
    3164,      33,      33,      25,      19
    3167,      33,      31,      26,      21
    3175,      33,      31,      30,      15
    3183,      31,      31,      30,      19
    3184,      30,      30,      30,      22
    3191,      33,      30,      29,      19
    3196,      33,      33,      27,      17
    3199,      29,      29,      29,      26
    3207,      30,      29,      29,      25
    3215,      31,      30,      27,      25
    3223,      31,      31,      26,      25
    3228,      34,      34,      30,       4
    3231,      31,      30,      29,      23
    3239,      33,      30,      25,      25
    3247,      31,      31,      29,      22
    3255,      33,      29,      29,      22
    3260,      30,      30,      28,      26
    3263,      31,      31,      30,      21
    3271,      33,      30,      29,      21
    3279,      34,      29,      29,      21
    3287,      33,      33,      25,      22
    3292,      31,      31,      29,      23
    3295,      33,      33,      26,      21
    3303,      33,      33,      30,      15
    3311,      30,      29,      29,      27
    3312,      34,      34,      26,      18
    3319,      31,      29,      29,      26
    3324,      31,      31,      31,      21
    3327,      31,      30,      29,      25
    3335,      33,      29,      27,      26
    3343,      33,      30,      27,      25
    3351,      31,      31,      30,      23
    3356,      34,      30,      30,      20
    3359,      33,      30,      29,      23
    3367,      31,      31,      31,      22
    3375,      33,      31,      29,      22
    3383,      33,      33,      26,      23
    3388,      31,      31,      29,      25
    3391,      33,      31,      30,      21
    3399,      34,      31,      29,      21
    3407,      35,      30,      29,      21
    3415,      34,      33,      27,      21
    3420,      33,      31,      29,      23
    3423,      30,      29,      29,      29
    3431,      31,      30,      29,      27
    3439,      31,      31,      29,      26
    3440,      34,      30,      30,      22
    3447,      31,      31,      30,      25
    3452,      33,      31,      31,      21
    3455,      33,      30,      29,      25
    3463,      33,      33,      31,      18
    3471,      34,      31,      27,      25
    3479,      33,      31,      30,      23
    3484,      30,      30,      30,      28
    3487,      34,      31,      29,      23
    3495,      33,      31,      31,      22
    3503,      33,      33,      29,      22
    3511,      35,      31,      29,      22
    3516,      33,      31,      29,      25
    3519,      33,      33,      30,      21
    3520,      36,      36,      28,      12
    3527,      34,      33,      29,      21
    3535,      35,      34,      25,      23
    3543,      31,      30,      29,      29
    3548,      33,      33,      29,      23
    3551,      31,      31,      30,      27
    3559,      31,      31,      31,      26
    3567,      33,      31,      29,      26
    3568,      34,      34,      34,      10
    3575,      33,      31,      30,      25
    3580,      33,      33,      31,      21
    3583,      33,      33,      27,      26
    3591,      33,      33,      33,      18
    3599,      34,      33,      27,      25
    3607,      33,      33,      30,      23
    3612,      31,      31,      31,      27
    3615,      34,      33,      29,      23
    3623,      33,      33,      31,      22
    3631,      35,      31,      31,      22
    3639,      35,      33,      29,      22
    3644,      33,      33,      29,      25
    3647,      34,      33,      31,      21
    3655,      35,      33,      30,      21
    3663,      31,      31,      30,      29
    3671,      33,      30,      29,      29
    3676,      35,      31,      31,      23
    3679,      33,      31,      30,      27
    3687,      33,      31,      31,      26
    3695,      33,      33,      29,      26
    3696,      34,      34,      30,      22
    3703,      33,      33,      30,      25
    3708,      33,      33,      33,      21
    3711,      34,      33,      29,      25
    3719,      35,      33,      27,      26
    3727,      35,      33,      33,      18
    3735,      34,      33,      31,      23
    3740,      33,      31,      31,      27
    3743,      35,      33,      30,      23
    3751,      33,      33,      33,      22
    3759,      35,      33,      31,      22
    3767,      38,      35,      33,       3
    3772,      34,      34,      28,      26
    3775,      34,      33,      33,      21
    3783,      31,      31,      31,      30
    3791,      33,      31,      30,      29
    3799,      34,      31,      29,      29
    3804,      35,      33,      31,      23
    3807,      33,      33,      30,      27
    3815,      33,      33,      31,      26
    3823,      35,      31,      31,      26
    3824,      38,      34,      30,      18
    3831,      34,      33,      31,      25
    3836,      36,      34,      30,      22
    3839,      35,      33,      30,      25
    3840,      40,      40,      24,       8
    3847,      35,      34,      29,      25
    3855,      35,      35,      27,      26
    3863,      34,      33,      33,      23
    3868,      33,      33,      31,      27
    3871,      35,      34,      31,      23
    3879,      35,      35,      30,      23
    3887,      35,      33,      33,      22
    3895,      35,      35,      31,      22
    3900,      35,      33,      31,      25
    3903,      37,      33,      31,      22
    3911,      33,      31,      31,      30
    3919,      33,      33,      30,      29
    3927,      34,      33,      29,      29
    3932,      35,      33,      33,      23
    3935,      34,      33,      31,      27
    3943,      33,      33,      33,      26
    3951,      35,      33,      31,      26
    3952,      34,      34,      34,      22
    3959,      34,      33,      33,      25
    3964,      35,      35,      35,      17
    3967,      35,      34,      31,      25
    3975,      35,      35,      30,      25
    3983,      37,      33,      30,      25
    3991,      37,      34,      29,      25
    3996,      33,      33,      33,      27
    3999,      35,      34,      33,      23
    4007,      37,      35,      33,      18
    4015,      37,      34,      31,      23
    4023,      35,      35,      33,      22
    4028,      35,      33,      33,      25
    4031,      37,      33,      33,      22
    4032,      36,      36,      36,      12
    4039,      33,      33,      31,      30
    4047,      34,      33,      31,      29
    4055,      35,      33,      30,      29
    4060,      37,      35,      29,      25
    4063,      34,      33,      33,      27
    4071,      35,      34,      31,      27
    4079,      35,      33,      33,      26
    4080,      38,      34,      34,      18
    4087,      35,      35,      31,      26
    4092,      36,      34,      34,      22
    4095,      35,      34,      33,      25
    4103,      38,      33,      29,      27
    4111,      37,      34,      31,      25
    4119,      37,      35,      30,      25
    4124,      37,      35,      33,      21
    4127,      38,      35,      27,      27
    4135,      35,      35,      34,      23
    4143,      37,      34,      33,      23
    4151,      37,      37,      33,      18
    4156,      37,      37,      37,       7
    4159,      35,      35,      35,      22
    4167,      33,      33,      33,      30
    4175,      34,      33,      33,      29
    4183,      35,      34,      31,      29
    4188,      37,      37,      33,      19
    4191,      35,      35,      30,      29
    4199,      35,      34,      33,      27
    4207,      37,      34,      29,      29
    4208,      40,      36,      36,       4
    4215,      35,      35,      33,      26
    4220,      38,      36,      34,      18
    4223,      37,      33,      33,      26
    4231,      35,      35,      34,      25
    4239,      37,      34,      33,      25
    4247,      38,      33,      33,      25
    4252,      34,      34,      34,      28
    4255,      37,      37,      29,      26
    4263,      37,      37,      30,      25
    4271,      38,      37,      27,      27
    4279,      37,      35,      34,      23
    4284,      36,      34,      34,      26
    4287,      37,      37,      35,      18
    4295,      34,      33,      33,      31
    4303,      35,      33,      33,      30
    4311,      35,      34,      33,      29
    4316,      38,      36,      30,      26
    4319,      37,      33,      31,      30
    4327,      37,      34,      31,      29
    4335,      35,      35,      34,      27
    4336,      38,      38,      38,       2
    4343,      37,      34,      33,      27
    4348,      37,      35,      35,      23
    4351,      35,      35,      35,      26
    4359,      37,      35,      33,      26
    4367,      37,      37,      30,      27
    4375,      37,      35,      34,      25
    4380,      35,      35,      33,      29
    4383,      38,      35,      33,      25
    4391,      39,      34,      33,      25
    4399,      38,      37,      31,      25
    4407,      38,      37,      37,      15
    4412,      37,      35,      33,      27
    4415,      39,      37,      30,      25
    4423,      34,      33,      33,      33
    4431,      35,      34,      33,      31
    4439,      35,      35,      33,      30
    4444,      37,      35,      35,      25
    4447,      35,      35,      34,      29
    4455,      37,      34,      33,      29
    4463,      38,      33,      33,      29
    4464,      36,      36,      36,      24
    4471,      38,      35,      31,      29
    4476,      38,      38,      38,      12
    4479,      37,      35,      34,      27
    4487,      38,      35,      33,      27
    4495,      37,      35,      35,      26
    4503,      37,      37,      33,      26
    4508,      36,      34,      34,      30
    4511,      39,      35,      33,      26
    4519,      37,      37,      34,      25
    4527,      38,      37,      33,      25
    4535,      39,      38,      29,      27
    4540,      37,      37,      31,      29
    4543,      38,      37,      37,      19
    4544,      44,      36,      36,       4
    4551,      39,      38,      31,      25
    4559,      35,      34,      33,      33
    4567,      35,      35,      34,      31
    4572,      38,      36,      34,      26
    4575,      35,      35,      35,      30
    4583,      37,      35,      33,      30
    4591,      37,      35,      34,      29
    4592,      40,      36,      36,      20
    4599,      37,      37,      31,      30
    4604,      39,      37,      33,      25
    4607,      39,      34,      33,      29
    4615,      38,      37,      31,      29
    4623,      37,      37,      34,      27
    4631,      38,      37,      33,      27
    4636,      35,      35,      35,      31
    4639,      37,      37,      35,      26
    4647,      39,      35,      35,      26
    4655,      39,      37,      33,      26
    4663,      38,      37,      35,      25
    4668,      37,      37,      33,      29
    4671,      39,      37,      34,      25
    4679,      39,      38,      33,      25
    4687,      41,      35,      34,      25
    4695,      35,      35,      34,      33
    4700,      39,      35,      35,      27
    4703,      37,      34,      33,      33
    4711,      37,      35,      34,      31
    4719,      37,      35,      35,      30
    4720,      38,      38,      34,      26
    4727,      37,      37,      33,      30
    4732,      37,      37,      37,      25
    4735,      37,      37,      34,      29
    4743,      38,      37,      33,      29
    4751,      39,      37,      31,      30
    4759,      39,      39,      39,      14
    4764,      35,      35,      35,      33
    4767,      38,      37,      35,      27
    4775,      39,      37,      34,      27
    4783,      37,      37,      37,      26
    4791,      39,      37,      35,      26
    4796,      38,      36,      34,      30
    4799,      41,      39,      34,      21
    4807,      38,      37,      37,      25
    4815,      39,      38,      35,      25
    4823,      39,      39,      34,      25
    4828,      38,      38,      34,      28
    4831,      35,      35,      35,      34
    4839,      37,      35,      34,      33
    4847,      38,      35,      33,      33
    4848,      42,      38,      34,      22
    4855,      37,      37,      34,      31
    4860,      38,      38,      36,      26
    4863,      37,      37,      35,      30
    4871,      39,      35,      35,      30
    4879,      38,      37,      35,      29
    4887,      39,      37,      34,      29
    4892,      39,      39,      35,      25
    4895,      39,      38,      33,      29
    4903,      39,      39,      31,      30
    4911,      38,      37,      37,      27
    4919,      39,      38,      35,      27
    4924,      37,      37,      35,      31
    4927,      39,      39,      34,      27
    4935,      39,      37,      37,      26
    4943,      39,      39,      35,      26
    4951,      41,      37,      35,      26
    4956,      39,      37,      35,      29
    4959,      39,      38,      37,      25
    4967,      41,      39,      33,      26
    4975,      37,      35,      35,      34
    4976,      40,      36,      36,      28
    4983,      37,      37,      34,      33
    4988,      39,      37,      37,      27
    4991,      38,      37,      33,      33
    4999,      38,      37,      35,      31
    5007,      37,      37,      37,      30
    5015,      39,      37,      35,      30
    5020,      41,      39,      33,      27
    5023,      38,      37,      37,      29
    5031,      39,      38,      35,      29
    5039,      39,      39,      34,      29
    5047,      39,      39,      39,      22
    5052,      37,      37,      35,      33
    5055,      41,      38,      33,      29
    5056,      40,      40,      40,      16
    5063,      39,      38,      37,      27
    5071,      41,      41,      35,      22
    5079,      41,      38,      35,      27
    5084,      38,      38,      36,      30
    5087,      39,      39,      37,      26
    5095,      41,      37,      37,      26
    5103,      41,      39,      35,      26
    5104,      42,      42,      30,      26
    5111,      39,      39,      38,      25
    5116,      38,      38,      38,      28
    5119,      37,      37,      35,      34
    5127,      38,      37,      35,      33
    5135,      39,      37,      34,      33
    5143,      38,      37,      37,      31
    5148,      41,      37,      37,      27
    5151,      39,      38,      35,      31
    5159,      39,      37,      37,      30
    5167,      39,      39,      35,      30
    5175,      39,      38,      37,      29
    5180,      41,      41,      33,      27
    5183,      42,      37,      33,      31
    5191,      41,      38,      35,      29
    5199,      41,      39,      34,      29
    5207,      41,      39,      39,      22
    5212,      41,      41,      35,      25
    5215,      39,      39,      38,      27
    5223,      41,      38,      37,      27
    5231,      42,      37,      37,      27
    5232,      38,      38,      38,      30
    5239,      39,      39,      39,      26
    5244,      41,      41,      39,      19
    5247,      41,      39,      37,      26
    5255,      42,      41,      37,      21
    5263,      37,      37,      37,      34
    5271,      38,      37,      37,      33
    5276,      43,      41,      39,      15
    5279,      39,      38,      35,      33
    5287,      39,      39,      34,      33
    5295,      39,      38,      37,      31
    5303,      41,      38,      33,      33
    5308,      42,      42,      36,      22
    5311,      39,      39,      37,      30
    5319,      41,      37,      37,      30
    5327,      39,      39,      38,      29
    5335,      41,      38,      37,      29
    5340,      38,      38,      36,      34
    5343,      42,      37,      37,      29
    5351,      41,      41,      33,      30
    5359,      41,      41,      34,      29
    5360,      42,      42,      34,      26
    5367,      41,      41,      39,      22
    5372,      39,      39,      37,      31
    5375,      41,      39,      38,      27
    5383,      42,      39,      37,      27
    5391,      43,      38,      37,      27
    5399,      41,      39,      39,      26
    5404,      39,      39,      39,      29
    5407,      38,      37,      37,      35
    5415,      39,      37,      37,      34
    5423,      39,      38,      37,      33
    5431,      41,      37,      35,      34
    5436,      42,      38,      38,      28
    5439,      41,      38,      35,      33
    5447,      39,      39,      38,      31
    5455,      41,      38,      37,      31
    5463,      39,      39,      39,      30
    5468,      42,      42,      34,      28
    5471,      41,      39,      37,      30
    5479,      41,      41,      34,      31
    5487,      41,      39,      38,      29
    5488,      38,      38,      38,      34
    5495,      42,      39,      37,      29
    5500,      39,      39,      37,      33
    5503,      43,      38,      37,      29
    5511,      42,      41,      35,      29
    5519,      43,      41,      33,      30
    5527,      41,      41,      41,      22
    5532,      41,      39,      37,      31
    5535,      41,      41,      38,      27
    5543,      42,      41,      37,      27
    5551,      38,      37,      37,      37
    5559,      39,      38,      37,      35
    5564,      41,      39,      39,      29
    5567,      39,      39,      37,      34
    5568,      44,      44,      36,      20
    5575,      39,      39,      38,      33
    5583,      41,      38,      37,      33
    5591,      42,      37,      37,      33
    5596,      43,      41,      35,      29
    5599,      42,      39,      35,      33
    5607,      41,      39,      38,      31
    5615,      42,      39,      37,      31
    5616,      42,      42,      42,      18
    5623,      41,      39,      39,      30
    5628,      38,      38,      38,      36
    5631,      41,      41,      37,      30
    5639,      43,      39,      37,      30
    5647,      41,      41,      38,      29
    5655,      42,      41,      37,      29
    5660,      41,      39,      37,      33
    5663,      43,      42,      33,      31
    5671,      43,      43,      38,      23
    5679,      43,      42,      35,      29
    5687,      43,      43,      33,      30
    5692,      41,      41,      37,      31
    5695,      42,      41,      39,      27
    5703,      39,      38,      37,      37
    5711,      39,      39,      38,      35
    5719,      39,      39,      39,      34
    5724,      41,      41,      39,      29
    5727,      41,      39,      37,      34
    5735,      41,      39,      38,      33
    5743,      41,      41,      35,      34
    5744,      44,      44,      36,      24
    5751,      42,      41,      41,      25
    5756,      42,      42,      38,      28
    5759,      42,      41,      35,      33
    5767,      41,      41,      38,      31
    5775,      42,      41,      37,      31
    5783,      41,      41,      39,      30
    5788,      39,      39,      39,      35
    5791,      43,      39,      39,      30
    5799,      43,      41,      37,      30
    5807,      42,      41,      39,      29
    5815,      43,      41,      38,      29
    5820,      41,      41,      37,      33
    5823,      43,      42,      37,      29
    5831,      45,      39,      38,      29
    5839,      45,      42,      33,      31
    5847,      45,      43,      38,      23
    5852,      43,      39,      39,      31
    5855,      39,      39,      38,      37
    5863,      41,      38,      37,      37
    5871,      41,      39,      38,      35
    5872,      42,      42,      38,      30
    5879,      41,      39,      39,      34
    5884,      41,      41,      41,      29
    5887,      41,      41,      37,      34
    5888,      48,      48,      32,      16
    5895,      41,      41,      38,      33
    5903,      42,      41,      37,      33
    5911,      43,      41,      35,      34
    5916,      45,      41,      37,      29
    5919,      43,      42,      41,      25
    5927,      42,      41,      39,      31
    5935,      43,      41,      38,      31
    5943,      41,      41,      41,      30
    5948,      41,      39,      39,      35
    5951,      43,      41,      39,      30
    5959,      46,      43,      37,      25
    5967,      42,      41,      41,      29
    5975,      43,      42,      39,      29
    5980,      42,      42,      36,      34
    5983,      43,      43,      38,      29
    5991,      43,      43,      42,      23
    5999,      45,      42,      37,      29
    6000,      46,      42,      38,      26
    6007,      39,      39,      39,      38
    6012,      43,      41,      39,      31
    6015,      41,      39,      38,      37
    6023,      42,      39,      37,      37
    6031,      41,      41,      38,      35
    6039,      41,      41,      39,      34
    6044,      44,      42,      38,      30
    6047,      43,      39,      39,      34
    6055,      42,      41,      39,      33
    6063,      43,      41,      38,      33
    6071,      43,      42,      37,      33
    6076,      42,      42,      42,      28
    6079,      43,      43,      35,      34
    6080,      48,      40,      40,      24
    6087,      42,      41,      41,      31
    6095,      43,      42,      39,      31
    6103,      43,      43,      38,      31
    6108,      41,      41,      39,      35
    6111,      43,      41,      41,      30
    6119,      43,      43,      39,      30
    6127,      45,      41,      39,      30
    6128,      42,      42,      38,      34
    6135,      43,      42,      41,      29
    6140,      43,      41,      39,      33
    6143,      45,      43,      37,      30
    6151,      45,      42,      39,      29
    6159,      45,      43,      38,      29
    6167,      41,      39,      39,      38
    6172,      43,      41,      41,      31
    6175,      41,      41,      38,      37
    6183,      42,      41,      37,      37
    6191,      42,      41,      39,      35
    6199,      41,      41,      41,      34
    6204,      45,      43,      37,      31
    6207,      43,      41,      39,      34
    6215,      42,      41,      41,      33
    6223,      43,      42,      39,      33
    6231,      43,      43,      38,      33
    6236,      45,      43,      39,      29
    6239,      45,      41,      38,      33
    6247,      45,      42,      37,      33
    6255,      43,      42,      41,      31
    6256,      44,      44,      40,      28
    6263,      45,      43,      42,      25
    6268,      41,      41,      41,      35
    6271,      45,      42,      39,      31
    6279,      43,      43,      41,      30
    6287,      45,      41,      41,      30
    6295,      45,      43,      39,      30
    6300,      43,      41,      41,      33
    6303,      43,      43,      42,      29
    6311,      45,      42,      41,      29
    6319,      45,      45,      37,      30
    6327,      41,      41,      39,      38
    6332,      45,      43,      37,      33
    6335,      42,      41,      39,      37
    6343,      43,      41,      38,      37
    6351,      42,      41,      41,      35
    6359,      43,      42,      39,      35
    6364,      44,      42,      42,      30
    6367,      43,      41,      41,      34
    6375,      43,      43,      39,      34
    6383,      43,      42,      41,      33
    6384,      44,      44,      44,      24
    6391,      46,      41,      37,      35
    6396,      45,      43,      41,      29
    6399,      45,      42,      39,      33
    6407,      45,      43,      38,      33
    6415,      46,      43,      35,      35
    6423,      43,      43,      42,      31
    6428,      45,      45,      43,      23
    6431,      45,      42,      41,      31
    6439,      45,      45,      42,      25
    6447,      43,      43,      43,      30
    6455,      45,      43,      41,      30
    6460,      45,      45,      41,      27
    6463,      47,      43,      38,      31
    6471,      45,      45,      39,      30
    6479,      45,      43,      42,      29
    6487,      41,      41,      41,      38
    6492,      46,      44,      42,      26
    6495,      42,      41,      41,      37
    6503,      43,      42,      39,      37
    6511,      43,      43,      38,      37
    6512,      50,      42,      42,      22
    6519,      43,      42,      41,      35
    6524,      45,      45,      43,      25
    6527,      45,      42,      37,      37
    6535,      43,      43,      41,      34
    6543,      45,      41,      41,      34
    6551,      43,      43,      42,      33
    6556,      47,      47,      43,      17
    6559,      45,      42,      41,      33
    6567,      46,      41,      41,      33
    6575,      45,      45,      37,      34
    6583,      45,      45,      38,      33
    6588,      42,      42,      42,      36
    6591,      46,      45,      35,      35
    6592,      44,      44,      44,      28
    6599,      45,      43,      42,      31
    6607,      46,      43,      41,      31
    6615,      46,      45,      43,      25
    6620,      44,      42,      42,      34
    6623,      45,      43,      43,      30
    6631,      45,      45,      41,      30
    6639,      47,      43,      41,      30
    6640,      50,      50,      34,      22
    6647,      42,      41,      41,      39
    6652,      46,      44,      38,      34
    6655,      43,      41,      41,      38
    6663,      43,      42,      41,      37
    6671,      45,      41,      39,      38
    6679,      45,      42,      39,      37
    6684,      45,      43,      43,      31
    6687,      43,      43,      42,      35
    6695,      45,      42,      41,      35
    6703,      43,      43,      43,      34
    6711,      45,      43,      41,      34
    6716,      46,      44,      42,      30
    6719,      45,      45,      38,      35
    6727,      45,      43,      42,      33
    6735,      46,      43,      41,      33
    6743,      47,      42,      41,      33
    6748,      43,      43,      41,      37
    6751,      45,      45,      45,      26
    6759,      47,      45,      37,      34
    6767,      47,      45,      38,      33
    6768,      44,      44,      40,      36
    6775,      45,      45,      42,      31
    6780,      45,      43,      41,      35
    6783,      46,      45,      41,      31
    6791,      46,      45,      45,      25
    6799,      45,      45,      43,      30
    6807,      42,      41,      41,      41
    6812,      45,      43,      43,      33
    6815,      43,      42,      41,      39
    6823,      43,      43,      41,      38
    6831,      43,      43,      42,      37
    6839,      45,      42,      41,      37
    6844,      46,      46,      44,      26
    6847,      46,      41,      41,      37
    6855,      46,      43,      39,      37
    6863,      45,      43,      42,      35
    6871,      46,      43,      41,      35
    6876,      47,      45,      41,      31
    6879,      45,      43,      43,      34
    6887,      45,      45,      41,      34
    6895,      46,      45,      45,      27
    6896,      46,      46,      42,      30
    6903,      45,      45,      42,      33
    6908,      44,      42,      42,      38
    6911,      46,      45,      41,      33
    6919,      47,      46,      37,      35
    6927,      47,      47,      45,      22
    6935,      47,      45,      45,      26
    6940,      45,      45,      39,      37
    6943,      47,      47,      37,      34
    6951,      46,      45,      43,      31
    6959,      47,      45,      42,      31
    6967,      47,      46,      41,      31
    6972,      46,      44,      42,      34
    6975,      43,      42,      41,      41
    6983,      43,      43,      42,      39
    6991,      43,      43,      43,      38
    6999,      45,      43,      41,      38
    7004,      47,      45,      41,      33
    7007,      45,      43,      42,      37
    7015,      45,      45,      39,      38
    7023,      47,      42,      41,      37
    7024,      46,      46,      46,      26
    7031,      46,      45,      39,      37
    7036,      45,      45,      45,      31
    7039,      45,      45,      42,      35
    7047,      46,      45,      41,      35
    7055,      45,      45,      43,      34
    7063,      47,      43,      43,      34
    7068,      43,      43,      43,      39
    7071,      47,      45,      41,      34
    7079,      46,      45,      43,      33
    7087,      47,      45,      42,      33
    7095,      47,      46,      41,      33
    7100,      45,      45,      41,      37
    7103,      49,      43,      42,      33
    7104,      44,      44,      44,      36
    7111,      47,      47,      47,      22
    7119,      47,      47,      45,      26
    7127,      46,      45,      45,      31
    7132,      46,      46,      46,      28
    7135,      47,      46,      43,      31
    7143,      43,      43,      42,      41
    7151,      45,      42,      41,      41
    7152,      46,      46,      42,      34
    7159,      45,      43,      42,      39
    7164,      45,      45,      45,      33
    7167,      45,      43,      43,      38
    7168,      48,      48,      48,      16
    7175,      45,      45,      41,      38
    7183,      45,      45,      42,      37
    7191,      46,      45,      41,      37
    7196,      49,      45,      41,      33
    7199,      47,      45,      39,      38
    7207,      49,      41,      41,      38
    7215,      46,      45,      43,      35
    7223,      47,      45,      42,      35
    7228,      43,      43,      43,      41
    7231,      45,      45,      45,      34
    7239,      47,      45,      43,      34
    7247,      51,      41,      39,      38
    7255,      46,      45,      45,      33
    7260,      46,      44,      42,      38
    7263,      47,      46,      43,      33
    7271,      47,      47,      42,      33
    7279,      49,      45,      42,      33
    7280,      50,      46,      42,      30
    7287,      49,      46,      41,      33
    7292,      46,      46,      42,      36
    7295,      49,      49,      42,      27
    7303,      47,      47,      47,      26
    7311,      43,      43,      43,      42
    7319,      45,      43,      42,      41
    7324,      46,      46,      44,      34
    7327,      46,      43,      41,      41
    7335,      45,      45,      42,      39
    7343,      45,      45,      43,      38
    7351,      47,      43,      43,      38
    7356,      47,      47,      43,      33
    7359,      46,      45,      43,      37
    7367,      47,      45,      42,      37
    7375,      47,      46,      41,      37
    7383,      47,      47,      39,      38
    7388,      51,      43,      43,      33
    7391,      46,      45,      45,      35
    7399,      47,      46,      43,      35
    7407,      47,      47,      42,      35
    7408,      44,      44,      44,      40
    7415,      47,      45,      45,      34
    7420,      45,      45,      43,      39
    7423,      47,      47,      43,      34
    7431,      49,      45,      43,      34
    7439,      47,      46,      45,      33
    7447,      49,      47,      41,      34
    7452,      47,      45,      43,      37
    7455,      49,      46,      43,      33
    7463,      49,      47,      42,      33
    7471,      49,      49,      38,      35
    7479,      49,      49,      39,      34
    7484,      47,      45,      45,      35
    7487,      45,      43,      43,      42
    7495,      45,      45,      42,      41
    7503,      46,      45,      41,      41
    7511,      46,      45,      43,      39
    7516,      49,      47,      41,      35
    7519,      45,      45,      45,      38
    7527,      47,      45,      43,      38
    7535,      46,      45,      45,      37
    7536,      50,      46,      42,      34
    7543,      47,      46,      43,      37
    7548,      49,      47,      43,      33
    7551,      47,      47,      42,      37
    7559,      49,      45,      42,      37
    7567,      49,      46,      41,      37
    7575,      47,      46,      45,      35
    7580,      45,      45,      43,      41
    7583,      51,      43,      42,      37
    7591,      49,      46,      43,      35
    7599,      47,      47,      45,      34
    7607,      49,      45,      45,      34
    7612,      46,      46,      44,      38
    7615,      49,      47,      43,      34
    7616,      56,      48,      40,      24
    7623,      47,      47,      46,      33
    7631,      49,      46,      45,      33
    7639,      49,      49,      41,      34
    7644,      46,      46,      46,      36
    7647,      49,      49,      46,      27
    7655,      49,      49,      42,      33
    7663,      45,      45,      43,      42
    7664,      50,      50,      42,      30
    7671,      46,      45,      43,      41
    7676,      49,      45,      45,      35
    7679,      47,      45,      42,      41
    7687,      46,      45,      45,      39
    7695,      47,      46,      43,      39
    7703,      47,      45,      45,      38
    7708,      49,      49,      41,      35
    7711,      47,      47,      43,      38
    7719,      47,      46,      45,      37
    7727,      49,      49,      45,      30
    7735,      49,      46,      43,      37
    7740,      49,      49,      43,      33
    7743,      49,      47,      42,      37
    7751,      50,      47,      39,      39
    7759,      47,      47,      46,      35
    7767,      49,      46,      45,      35
    7772,      51,      49,      41,      33
    7775,      50,      45,      45,      35
    7783,      47,      47,      47,      34
    7791,      49,      47,      45,      34
    7792,      46,      46,      46,      38
    7799,      51,      47,      42,      35
    7804,      51,      51,      51,       1
    7807,      49,      49,      43,      34
    7815,      49,      47,      46,      33
    7823,      50,      47,      45,      33
    7831,      50,      49,      49,      23
    7836,      50,      50,      44,      30
    7839,      45,      45,      45,      42
    7847,      46,      45,      45,      41
    7855,      47,      46,      43,      41
    7863,      47,      47,      42,      41
    7868,      51,      49,      45,      29
    7871,      47,      46,      45,      39
    7879,      49,      46,      41,      41
    7887,      47,      47,      45,      38
    7895,      49,      45,      45,      38
    7900,      50,      50,      46,      28
    7903,      47,      47,      46,      37
    7911,      49,      46,      45,      37
    7919,      50,      45,      45,      37
    7920,      50,      50,      42,      34
    7927,      49,      49,      41,      38
    7932,      46,      46,      44,      42
    7935,      49,      49,      42,      37
    7936,      48,      48,      48,      32
    7943,      50,      49,      39,      39
    7951,      49,      47,      46,      35
    7959,      50,      47,      45,      35
    7964,      47,      47,      45,      39
    7967,      51,      46,      45,      35
    7975,      49,      47,      47,      34
    7983,      49,      49,      45,      34
    7991,      51,      47,      45,      34
    7996,      47,      47,      47,      37
    7999,      51,      51,      51,      14
    8007,      49,      49,      46,      33
    8015,      46,      45,      45,      43
    8023,      47,      45,      45,      42
    8028,      50,      46,      46,      36
    8031,      47,      46,      45,      41
    8039,      49,      45,      43,      42
    8047,      49,      46,      43,      41
    8048,      54,      46,      46,      30
    8055,      47,      47,      46,      39
    8060,      50,      50,      42,      36
    8063,      49,      46,      45,      39
    8071,      47,      47,      47,      38
    8079,      49,      47,      45,      38
    8087,      49,      49,      42,      39
    8092,      50,      50,      44,      34
    8095,      49,      47,      46,      37
    8103,      49,      49,      49,      30
    8111,      51,      46,      45,      37
    8119,      50,      49,      43,      37
    8124,      47,      47,      45,      41
    8127,      51,      49,      41,      38
    8128,      52,      52,      44,      28
    8135,      51,      49,      42,      37
    8143,      49,      49,      46,      35
    8151,      50,      49,      45,      35
    8156,      49,      47,      45,      39
    8159,      51,      51,      46,      29
    8167,      49,      49,      47,      34
    8175,      51,      47,      47,      34
    8176,      50,      46,      46,      38
    8183,      51,      49,      45,      34
    8188,      49,      47,      47,      37
    8191,      46,      45,      45,      45
    8199,      47,      46,      45,      43
    8207,      47,      47,      45,      42
    8215,      47,      47,      46,      41
    8220,      51,      49,      43,      37
    8223,      49,      46,      45,      41
    8231,      50,      45,      45,      41
    8239,      50,      47,      43,      41
    8247,      49,      47,      46,      39
    8252,      51,      49,      45,      35
    8255,      50,      47,      45,      39
    8263,      49,      47,      47,      38
    8271,      49,      49,      45,      38
    8279,      51,      47,      45,      38
    8284,      46,      46,      46,      44
    8287,      49,      49,      46,      37
    8295,      50,      49,      45,      37
    8303,      51,      49,      49,      30
    8304,      52,      52,      40,      36
    8311,      51,      51,      47,      30
    8316,      49,      47,      45,      41
    8319,      51,      50,      43,      37
    8327,      51,      51,      41,      38
    8335,      50,      49,      47,      35
    8343,      51,      49,      46,      35
    8348,      49,      49,      45,      39
    8351,      51,      50,      45,      35
    8359,      49,      49,      49,      34
    8367,      51,      49,      47,      34
    8375,      47,      46,      45,      45
    8380,      49,      49,      47,      37
    8383,      47,      47,      46,      43
    8391,      47,      47,      47,      42
    8399,      49,      47,      45,      42
    8407,      49,      47,      46,      41
    8412,      50,      50,      46,      36
    8415,      49,      49,      43,      42
    8423,      51,      46,      45,      41
    8431,      50,      49,      43,      41
    8432,      54,      50,      46,      30
    8439,      49,      49,      46,      39
    8444,      51,      51,      49,      29
    8447,      50,      49,      45,      39
    8455,      49,      49,      47,      38
    8463,      51,      47,      47,      38
    8471,      51,      49,      45,      38
    8476,      47,      47,      47,      43
    8479,      50,      49,      47,      37
    8487,      51,      49,      46,      37
    8495,      51,      50,      45,      37
    8503,      51,      51,      49,      30
    8508,      49,      49,      45,      41
    8511,      53,      49,      49,      30
    8519,      53,      51,      47,      30
    8527,      50,      49,      49,      35
    8535,      51,      50,      47,      35
    8540,      51,      47,      47,      39
    8543,      51,      51,      46,      35
    8551,      53,      49,      46,      35
    8559,      47,      47,      46,      45
    8560,      50,      50,      46,      38
    8567,      49,      46,      45,      45
    8572,      49,      49,      49,      37
    8575,      49,      47,      46,      43
    8583,      49,      47,      47,      42
    8591,      49,      49,      45,      42
    8599,      49,      49,      46,      41
    8604,      52,      50,      50,      30
    8607,      50,      49,      45,      41
    8615,      51,      49,      43,      42
    8623,      53,      45,      45,      42
    8631,      50,      49,      47,      39
    8636,      51,      51,      47,      35
    8639,      51,      49,      46,      39
    8640,      52,      52,      44,      36
    8647,      49,      49,      49,      38
    8655,      51,      49,      47,      38
    8663,      51,      51,      50,      31
    8668,      49,      47,      47,      43
    8671,      50,      49,      49,      37
    8679,      51,      50,      47,      37
    8687,      51,      51,      46,      37
    8688,      52,      52,      52,      24
    8695,      53,      49,      46,      37
    8700,      50,      50,      44,      42
    8703,      51,      51,      51,      30
    8711,      53,      51,      49,      30
    8719,      54,      51,      41,      39
    8727,      51,      50,      49,      35
    8732,      51,      49,      47,      39
    8735,      54,      51,      43,      37
    8743,      47,      47,      47,      46
    8751,      49,      47,      46,      45
    8759,      50,      47,      45,      45
    8764,      51,      51,      51,      31
    8767,      49,      49,      46,      43
    8775,      49,      49,      47,      42
    8783,      51,      47,      47,      42
    8791,      50,      49,      47,      41
    8796,      50,      50,      50,      36
    8799,      51,      49,      46,      41
    8807,      51,      50,      45,      41
    8815,      51,      51,      43,      42
    8816,      54,      50,      50,      30
    8823,      50,      49,      49,      39
    8828,      51,      51,      49,      35
    8831,      51,      50,      47,      39
    8839,      51,      51,      46,      39
    8847,      51,      49,      49,      38
    8855,      51,      51,      47,      38
    8860,      49,      49,      47,      43
    8863,      53,      49,      47,      38
    8871,      51,      50,      49,      37
    8879,      53,      51,      45,      38
    8887,      53,      50,      47,      37
    8892,      51,      49,      47,      41
    8895,      53,      51,      46,      37
    8903,      53,      53,      42,      39
    8911,      53,      51,      51,      30
    8919,      53,      53,      49,      30
    8924,      51,      49,      49,      39
    8927,      51,      51,      50,      35
    8935,      49,      47,      47,      46
    8943,      49,      49,      46,      45
    8944,      50,      50,      50,      38
    8951,      50,      49,      45,      45
    8956,      53,      51,      45,      39
    8959,      50,      49,      47,      43
    8967,      49,      49,      49,      42
    8975,      51,      49,      47,      42
    8983,      50,      49,      49,      41
    8988,      53,      51,      47,      37
    8991,      51,      50,      47,      41
    8999,      51,      51,      46,      41
    9007,      53,      49,      46,      41
    9015,      53,      50,      45,      41
    9020,      54,      52,      50,      30
    9023,      51,      50,      49,      39
    9031,      55,      47,      46,      41
    9039,      53,      50,      47,      39
    9047,      51,      51,      49,      38
    9052,      49,      49,      49,      43
    9055,      53,      49,      49,      38
    9063,      53,      51,      47,      38
    9071,      51,      51,      50,      37
    9072,      54,      50,      50,      34
    9079,      53,      50,      49,      37
    9084,      51,      49,      49,      41
    9087,      53,      53,      45,      38
    9095,      54,      51,      47,      37
    9103,      53,      53,      46,      37
    9111,      55,      51,      46,      37
    9116,      53,      51,      45,      41
    9119,      53,      53,      51,      30
    9127,      49,      49,      47,      46
    9135,      50,      49,      47,      45
    9143,      51,      49,      46,      45
    9148,      52,      50,      50,      38
    9151,      50,      49,      49,      43
    9152,      56,      56,      48,      24
    9159,      51,      50,      47,      43
    9167,      51,      49,      49,      42
    9175,      51,      51,      47,      42
    9180,      53,      51,      49,      37
    9183,      51,      50,      49,      41
    9191,      54,      49,      45,      43
    9199,      53,      50,      47,      41
    9200,      58,      54,      42,      34
    9207,      53,      51,      46,      41
    9212,      54,      50,      50,      36
    9215,      54,      51,      43,      43
    9223,      51,      51,      50,      39
    9231,      53,      50,      49,      39
    9239,      54,      49,      49,      39
    9244,      53,      53,      49,      35
    9247,      51,      51,      51,      38
    9255,      53,      51,      49,      38
    9263,      54,      53,      53,      27
    9271,      53,      53,      47,      38
    9276,      54,      52,      50,      34
    9279,      53,      51,      50,      37
    9287,      54,      51,      49,      37
    9295,      55,      50,      49,      37
    9303,      54,      53,      47,      37
    9308,      53,      53,      51,      33
    9311,      55,      54,      43,      39
    9319,      49,      49,      49,      46
    9327,      50,      49,      49,      45
    9328,      56,      52,      52,      28
    9335,      51,      50,      47,      45
    9340,      57,      51,      49,      33
    9343,      51,      51,      46,      45
    9351,      51,      50,      49,      43
    9359,      53,      50,      45,      45
    9367,      51,      51,      49,      42
    9372,      55,      53,      53,      27
    9375,      53,      49,      49,      42
    9383,      51,      51,      50,      41
    9391,      53,      50,      49,      41
    9399,      54,      49,      49,      41
    9404,      57,      55,      49,      27
    9407,      53,      53,      45,      42
    9415,      53,      53,      46,      41
    9423,      54,      53,      43,      43
    9431,      53,      51,      50,      39
    9436,      50,      50,      50,      44
    9439,      54,      51,      49,      39
    9447,      55,      50,      49,      39
    9455,      53,      51,      51,      38
    9456,      58,      54,      50,      26
    9463,      53,      53,      49,      38
    9468,      52,      50,      50,      42
    9471,      55,      51,      49,      38
    9479,      55,      54,      53,      27
    9487,      53,      53,      50,      37
    9495,      54,      53,      49,      37
    9500,      54,      52,      46,      42
    9503,      55,      54,      51,      31
    9511,      50,      49,      49,      47
    9519,      51,      49,      49,      46
    9527,      51,      50,      49,      45
    9532,      53,      51,      51,      39
    9535,      53,      49,      47,      46
    9543,      53,      50,      47,      45
    9551,      51,      51,      50,      43
    9559,      53,      50,      49,      43
    9564,      54,      52,      50,      38
    9567,      51,      51,      51,      42
    9575,      53,      51,      49,      42
    9583,      53,      53,      46,      43
    9584,      60,      52,      52,      24
    9591,      53,      51,      50,      41
    9596,      55,      51,      51,      37
    9599,      54,      51,      49,      41
    9607,      55,      50,      49,      41
    9615,      54,      53,      47,      41
    9623,      54,      53,      53,      33
    9628,      51,      51,      49,      45
    9631,      55,      53,      46,      41
    9639,      53,      53,      50,      39
    9647,      54,      53,      49,      39
    9655,      57,      54,      49,      33
    9660,      53,      51,      49,      43
    9663,      53,      53,      51,      38
    9664,      56,      56,      56,      16
    9671,      55,      51,      51,      38
    9679,      55,      53,      49,      38
    9687,      55,      55,      46,      39
    9692,      53,      51,      51,      41
    9695,      54,      53,      51,      37
    9703,      50,      49,      49,      49
    9711,      51,      50,      49,      47
    9712,      52,      52,      52,      40
    9719,      51,      51,      49,      46
    9724,      55,      53,      47,      41
    9727,      51,      51,      50,      45
    9735,      53,      50,      49,      45
    9743,      54,      49,      49,      45
    9751,      54,      51,      47,      45
    9756,      55,      53,      49,      39
    9759,      53,      51,      50,      43
    9767,      54,      51,      49,      43
    9775,      53,      51,      51,      42
    9783,      53,      53,      49,      42
    9788,      57,      53,      47,      39
    9791,      55,      51,      49,      42
    9799,      53,      53,      50,      41
    9807,      54,      53,      49,      41
    9815,      55,      54,      45,      43
    9820,      52,      50,      50,      46
    9823,      57,      51,      47,      42
    9831,      55,      54,      47,      41
    9839,      55,      54,      53,      33
    9840,      56,      52,      52,      36
    9847,      54,      53,      51,      39
    9852,      53,      53,      47,      45
    9855,      55,      53,      50,      39
    9863,      55,      54,      49,      39
    9871,      53,      53,      53,      38
    9879,      55,      53,      51,      38
    9884,      54,      52,      50,      42
    9887,      57,      55,      43,      42
    9895,      55,      55,      49,      38
    9903,      51,      50,      49,      49
    9911,      51,      51,      50,      47
    9916,      55,      53,      49,      41
    9919,      51,      51,      51,      46
    9927,      53,      51,      49,      46
    9935,      53,      51,      50,      45
    9943,      53,      53,      47,      46
    9948,      53,      53,      53,      39
    9951,      55,      50,      49,      45
    9959,      54,      53,      47,      45
    9967,      53,      53,      50,      43
    9968,      58,      58,      54,      18
    9975,      54,      53,      49,      43
    9980,      54,      54,      52,      38
    9983,      53,      53,      51,      42
    9984,      56,      56,      56,      24
    9991,      55,      51,      51,      42
    9999,      55,      53,      49,      42
